Date,Hour,MailRelayed,Spam,Virus
2026-08-15,00:00,682,984,92
2026-08-15,01:00,645,1665,41
2026-08-15,02:00,406,963,13
2026-08-15,03:00,373,877,7
2026-08-15,04:00,373,573,69
2026-08-15,05:00,458,473,37
2026-08-15,06:00,771,411,13
2026-08-15,07:00,856,666,13
2026-08-15,08:00,1113,371,8
2026-08-15,09:00,1368,1640,31
2026-08-15,10:00,1437,1029,46
2026-08-15,11:00,1450,1272,35
2026-08-15,12:00,1059,837,72
2026-08-15,13:00,1217,1072,27
2026-08-15,14:00,1141,1858,3
2026-08-15,15:00,843,2587,4
2026-08-15,16:00,673,3029,3
2026-08-15,17:00,769,2665,5
2026-08-15,18:00,797,3846,7
2026-08-15,19:00,974,967,4
2026-08-15,20:00,781,1377,6
2026-08-15,21:00,798,1355,7
2026-08-15,22:00,736,873,5
2026-08-15,23:00,703,917,4
2026-08-16,00:00,710,1159,4
2026-08-16,01:00,509,1307,7
2026-08-16,02:00,402,496,11
2026-08-16,03:00,763,1052,15
2026-08-16,04:00,436,470,8
2026-08-16,05:00,444,517,14
2026-08-16,06:00,547,394,17
2026-08-16,07:00,725,497,11
2026-08-16,08:00,1261,970,13
2026-08-16,09:00,1769,978,98
2026-08-16,10:00,1560,1371,33
2026-08-16,11:00,907,777,25
2026-08-16,12:00,865,733,62
2026-08-16,13:00,872,618,60
2026-08-16,14:00,827,1063,55
2026-08-16,15:00,685,1026,38
2026-08-16,16:00,808,2177,96
2026-08-16,17:00,785,3409,9
2026-08-16,18:00,764,2262,46
2026-08-16,19:00,771,3648,22
2026-08-16,20:00,661,2303,56
2026-08-16,21:00,730,3254,0
2026-08-16,22:00,759,1622,35
2026-08-16,23:00,904,1984,41
2026-08-17,00:00,778,1591,41
2026-08-17,01:00,743,1104,81
2026-08-17,02:00,718,1083,157
2026-08-17,03:00,1190,1639,82
2026-08-17,04:00,760,1492,153
2026-08-17,05:00,646,1529,583
2026-08-17,06:00,932,977,190
2026-08-17,07:00,1389,1537,352
2026-08-17,08:00,2112,1627,357
2026-08-17,09:00,3274,887,154
2026-08-17,10:00,2945,1178,305
2026-08-17,11:00,2821,2632,655
2026-08-17,12:00,2824,1507,322
2026-08-17,13:00,2758,1769,408
2026-08-17,14:00,3226,1303,143
2026-08-17,15:00,5552,5484,132
2026-08-17,16:00,1538,2676,125
2026-08-17,17:00,1336,2833,298
2026-08-17,18:00,1040,1648,78
2026-08-17,19:00,1381,2011,143
2026-08-17,20:00,905,2801,37
2026-08-17,21:00,889,2133,35
2026-08-17,22:00,650,2104,36
2026-08-17,23:00,809,636,31
2026-08-18,00:00,823,887,38
2026-08-18,01:00,550,1584,31
2026-08-18,02:00,1669,3388,22
2026-08-18,03:00,589,2247,31
2026-08-18,04:00,719,1100,45
2026-08-18,05:00,742,1540,95
2026-08-18,06:00,996,1442,495
2026-08-18,07:00,1604,1710,209
2026-08-18,08:00,2237,1303,308
2026-08-18,09:00,2826,1676,229
2026-08-18,10:00,2878,1181,72
2026-08-18,11:00,2466,942,47
2026-08-18,12:00,2181,1236,58
2026-08-18,13:00,2243,1552,39
2026-08-18,14:00,1895,1621,52
2026-08-18,15:00,1444,1405,365
2026-08-18,16:00,1259,2405,186
2026-08-18,17:00,1326,2086,209
2026-08-18,18:00,962,2404,336
2026-08-18,19:00,1035,1965,244
2026-08-18,20:00,763,1593,118
2026-08-18,21:00,932,1398,102
2026-08-18,22:00,656,1133,92
2026-08-18,23:00,626,1684,69
2026-08-19,00:00,548,1717,111
2026-08-19,01:00,465,1893,199
2026-08-19,02:00,435,3159,626
2026-08-19,03:00,420,2409,393
2026-08-19,04:00,645,2268,543
2026-08-19,05:00,460,1798,174
2026-08-19,06:00,970,1740,198
2026-08-19,07:00,1414,1425,160
2026-08-19,08:00,2219,1910,240
2026-08-19,09:00,2831,2908,516
2026-08-19,10:00,5103,3376,379
2026-08-19,11:00,3226,2330,325
2026-08-19,12:00,2308,1888,97
2026-08-19,13:00,2443,1351,62
2026-08-19,14:00,1910,1470,323
2026-08-19,15:00,1619,2366,73
2026-08-19,16:00,1206,1927,81
2026-08-19,17:00,1348,2414,82
2026-08-19,18:00,953,2211,172
2026-08-19,19:00,1259,1447,101
2026-08-19,20:00,1023,863,108
2026-08-19,21:00,612,1410,110
2026-08-19,22:00,844,1576,278
2026-08-19,23:00,902,1562,76
2026-08-20,00:00,701,1045,61
2026-08-20,01:00,532,1174,154
2026-08-20,02:00,496,2200,192
2026-08-20,03:00,330,2078,224
2026-08-20,04:00,492,1727,144
2026-08-20,05:00,515,1298,304
2026-08-20,06:00,774,1042,55
2026-08-20,07:00,1319,1299,52
2026-08-20,08:00,2501,1232,39
2026-08-20,09:00,2854,1161,40
2026-08-20,10:00,2812,1883,22
2026-08-20,11:00,2600,1720,67
2026-08-20,12:00,2407,1082,35
2026-08-20,13:00,2429,1581,51
2026-08-20,14:00,2167,2218,53
2026-08-20,15:00,1602,1666,42
2026-08-20,16:00,1631,1778,228
2026-08-20,17:00,1377,2020,95
2026-08-20,18:00,814,3335,41
2026-08-20,19:00,973,2903,103
2026-08-20,20:00,859,2915,22
2026-08-20,21:00,843,1886,28
2026-08-20,22:00,638,1300,27
2026-08-20,23:00,717,1460,9
2026-08-21,00:00,703,1335,4
2026-08-21,01:00,331,1279,2
2026-08-21,02:00,385,1225,29
2026-08-21,03:00,339,1987,32
2026-08-21,04:00,307,1820,118
2026-08-21,05:00,463,1966,89
2026-08-21,06:00,837,1303,75
2026-08-21,07:00,1054,1012,24
2026-08-21,08:00,2030,896,11
2026-08-21,09:00,2737,1516,57
2026-08-21,10:00,2211,1282,30
2026-08-21,11:00,2122,1344,39
2026-08-21,12:00,2808,1411,36
2026-08-21,13:00,1886,1507,21
2026-08-21,14:00,1173,1757,62
